-0.5221671462059021	-0.07828129827976227	0.2545410096645355	-0.25286632776260376	-0.7927898168563843	-0.03547326475381851	0.32537877559661865	-0.07455191761255264	-0.046025145798921585	-0.32343122363090515	-0.1360771358013153	0.44664648175239563	-0.14642931520938873	0.6062310338020325	-0.6560243964195251	-0.30472245812416077	-0.34439370036125183	0.03174133226275444	0.21172690391540527	0.5095008611679077	0.1379532814025879	0.192311093211174	0.32455092668533325	-0.13841724395751953	-0.3587392568588257	-0.23531308770179749	0.1474401205778122	-0.24969616532325745	0.39849093556404114	-0.11789151281118393
0.21650351583957672	-0.4936179518699646	-0.035538848489522934	0.0025616977363824844	-0.6735028624534607	0.3493832051753998	0.2336166650056839	-0.05051584541797638	0.3088557720184326	-0.06673844158649445	0.31224116683006287	-0.0377223938703537	0.29013800621032715	-0.19322682917118073	-0.6239476799964905	-0.38574492931365967	-0.6481007933616638	0.3703360855579376	-0.147627592086792	0.190823495388031	-0.03208976611495018	0.35487937927246094	-0.13473933935165405	0.12324205040931702	0.7837080359458923	0.03512587398290634	-0.4971162974834442	0.182539165019989	-0.2419911026954651	0.32569316029548645
0.06035328283905983	-0.37468600273132324	0.2535511255264282	-0.09820544719696045	-0.7496529817581177	0.3340834677219391	0.1516120582818985	-0.24153120815753937	-0.12220676988363266	0.10454404354095459	0.09226687252521515	0.04225265979766846	0.07070930302143097	0.3303421139717102	-0.8807642459869385	-0.22273874282836914	-0.0010164451086893678	-0.08409640938043594	-0.07517433911561966	0.29775190353393555	0.1158716082572937	-0.02573084831237793	-0.010164935141801834	-0.4594874083995819	0.44311678409576416	0.06624814867973328	-0.2968442440032959	-0.17353588342666626	0.37961092591285706	0.25148776173591614
-0.3967253565788269	-0.22166931629180908	-0.03448198363184929	-0.1561010479927063	-0.7277190685272217	-0.018162857741117477	0.3993476927280426	0.1205609068274498	0.3765580952167511	-0.46779170632362366	0.09329809993505478	0.38036394119262695	0.08022712171077728	0.16258575022220612	-0.13720926642417908	-0.4581542909145355	-0.8110430836677551	0.4659307301044464	0.14064224064350128	0.4204150438308716	-0.009656345471739769	0.5309646725654602	0.20823636651039124	0.4472213089466095	0.20061154663562775	-0.2645658850669861	-0.0906410813331604	0.10444711148738861	-0.22093531489372253	-0.03742247074842453
-0.1777564138174057	-0.3001070022583008	0.11188392341136932	-0.12726163864135742	-0.7388817071914673	0.16315515339374542	0.2801375389099121	-0.06254295259714127	0.1357676237821579	-0.19848616421222687	0.09278251230716705	0.21783433854579926	0.07546993345022202	0.248324915766716	-0.6402650475502014	-0.3458783030509949	-0.5120785236358643	0.2072366625070572	0.03312002494931221	0.36064186692237854	0.053318265825510025	0.27556437253952026	0.10024307668209076	-0.00771974166855216	0.3272417485713959	-0.10197742283344269	-0.19590729475021362	-0.03522573038935661	0.08726037293672562	0.1093413233757019
-0.6337792277336121	0.16750593483448029	0.21774232387542725	-0.4102998673915863	-0.40599751472473145	-0.7908357381820679	0.13524270057678223	-0.19049474596977234	-0.5112671256065369	-0.030832551419734955	-0.28921493887901306	-0.26364627480506897	0.2092512845993042	0.486413836479187	0.14274980127811432	0.19402778148651123	0.3836681544780731	-0.22179603576660156	0.3329616189002991	0.021791085600852966	-0.18256202340126038	-0.062485940754413605	0.05768001824617386	-0.13848547637462616	-0.6298101544380188	-0.3919772505760193	0.5145186185836792	-0.40247416496276855	0.23383837938308716	0.08967183530330658
0.05154620483517647	-0.2851613163948059	-0.07439372688531876	-0.17317454516887665	-0.16744683682918549	-0.5872313976287842	0.03642073646187782	-0.16713596880435944	-0.19651612639427185	0.23341132700443268	0.1608351767063141	-0.6574259400367737	0.5774274468421936	-0.3516066074371338	0.19553923606872559	0.10406680405139923	-0.00859390664845705	0.1307632327079773	-0.01753563992679119	-0.33377382159233093	-0.34130698442459106	0.11322423070669174	-0.3923250436782837	0.1231735348701477	0.5974981188774109	-0.1382952332496643	-0.12448610365390778	0.013098280876874924	-0.40573543310165405	0.49778589606285095
-0.10754851996898651	-0.1452866792678833	0.21673409640789032	-0.2692195475101471	-0.3131864666938782	-0.5984655022621155	-0.04874598979949951	-0.34922388195991516	-0.5657206773757935	0.38809865713119507	-0.06814699620008469	-0.6095772981643677	0.40591052174568176	0.1699579656124115	-0.42159631848335266	0.277249813079834	0.6424922347068787	-0.32889771461486816	0.05580241605639458	-0.22907201945781708	-0.2041659653186798	-0.27571627497673035	-0.28134921193122864	-0.45954227447509766	0.10999239981174469	-0.10756440460681915	0.11378312110900879	-0.3335516154766083	0.21269968152046204	0.434439480304718
-0.528563380241394	0.02212665043771267	-0.07334133982658386	-0.32290518283843994	-0.2689889371395111	-0.7842572927474976	0.2177547961473465	0.002990164328366518	-0.12173640727996826	-0.199879989027977	-0.06711157411336899	-0.33641207218170166	0.4138745963573456	-0.007547182962298393	0.6592316627502441	0.016262236982584	-0.3510550856590271	0.24262721836566925	0.26618891954421997	-0.0918055847287178	-0.32132768630981445	0.32227545976638794	-0.06755127757787704	0.4471656382083893	-0.16088353097438812	-0.41806021332740784	0.3180199861526489	-0.06658101081848145	-0.38698309659957886	0.1692706197500229
-0.334651917219162	-0.06201621890068054	0.07324530929327011	-0.2962963879108429	-0.2912431061267853	-0.7031704187393188	0.0860433503985405	-0.17884056270122528	-0.3642479479312897	0.10310827940702438	-0.06762930005788803	-0.4847271144390106	0.40990036725997925	0.08185447007417679	0.16926592588424683	0.14935635030269623	0.1953369379043579	-0.0469793975353241	0.162846177816391	-0.16121838986873627	-0.26371920108795166	0.025566600263118744	-0.17653164267539978	-0.0077893091365695	-0.025921357795596123	-0.26981160044670105	0.2182905226945877	-0.2038530558347702	-0.09582982957363129	0.3078203797340393
0.017972616478800774	0.3720114529132843	0.09367289394140244	-0.34662139415740967	0.10950332880020142	-0.5614444017410278	-0.5722107887268066	-0.3176969289779663	-0.6221956014633179	0.1571228802204132	-0.044474247843027115	0.11077385395765305	-0.007832150906324387	0.25826022028923035	0.037262819707393646	0.20708249509334564	0.3361507058143616	0.4983271658420563	0.033045101910829544	-0.008623989298939705	0.1729205697774887	0.2555907070636749	-0.2481703758239746	-0.23908233642578125	-0.563541829586029	-0.4218573570251465	0.3948878347873688	-0.15721678733825684	0.6362199783325195	-0.6650531888008118
0.6735833883285522	-0.0715128630399704	-0.19916985929012299	-0.10022677481174469	0.3554907739162445	-0.2304937243461609	-0.6354133486747742	-0.2958376109600067	-0.34806638956069946	0.4028714597225189	0.39309006929397583	-0.38593363761901855	0.412295937538147	-0.5610637664794922	0.09138317406177521	0.11750169843435287	-0.06311750411987305	0.7183071374893188	-0.31909191608428955	-0.36052390933036804	0.003736336948350072	0.4117066264152527	-0.6204591989517212	0.019380269572138786	0.6597327589988708	-0.17323747277259827	-0.2695824205875397	0.2739831507205963	0.08286517858505249	-0.33226776123046875
0.5768413543701172	0.07519188523292542	0.09262391179800034	-0.19895967841148376	0.2133505642414093	-0.2468298226594925	-0.6835060119628906	-0.4627401530742645	-0.6670129895210266	0.5362216830253601	0.1828724443912506	-0.31581810116767883	0.20743043720722198	-0.0951959565281868	-0.5050655603408813	0.2897583544254303	0.6092948317527771	0.40618231892585754	-0.2517102062702179	-0.2576863467693329	0.1510663777589798	0.04088994488120079	-0.5373006463050842	-0.5378676056861877	0.2103451043367386	-0.14281439781188965	-0.03698339685797691	-0.07859055697917938	0.6227890849113464	-0.40228956937789917
0.1756906360387802	0.23906897008419037	-0.19815345108509064	-0.2547762095928192	0.25894755125045776	-0.5494664311408997	-0.5121074318885803	-0.13245977461338043	-0.27889084815979004	-0.013329066336154938	0.18387766182422638	0.031202053651213646	0.21657253801822662	-0.26795172691345215	0.5947616696357727	0.029856842011213303	-0.39798638224601746	0.7699424028396606	-0.04031888395547867	-0.12187470495700836	0.026174522936344147	0.5771222114562988	-0.36171755194664	0.3598663806915283	-0.059131331741809845	-0.44716760516166687	0.17630302906036377	0.1987074464559555	0.10491688549518585	-0.617415726184845
0.39492708444595337	0.15821978449821472	-0.053907498717308044	-0.2270543873310089	0.23627912998199463	-0.4093460738658905	-0.604763388633728	-0.3068077266216278	-0.4974491596221924	0.28466734290122986	0.18337510526180267	-0.14682255685329437	0.2120061069726944	-0.1829860359430313	0.06437032669782639	0.1626271903514862	0.14230015873908997	0.6203712821006775	-0.1477009803056717	-0.19069285690784454	0.08897014707326889	0.33595407009124756	-0.45390427112579346	-0.11174037307500839	0.07701320946216583	-0.30268779397010803	0.07046514749526978	0.06124004349112511	0.3947601914405823	-0.517996609210968
-0.051197849214076996	0.2709381580352783	0.21091987192630768	-0.5552847981452942	-0.4790675640106201	-0.1425701230764389	-0.3144204914569855	0.14394183456897736	-0.2825559079647064	0.43303242325782776	-0.2560286521911621	0.5603117942810059	0.3313773274421692	0.10101839900016785	-0.18482528626918793	0.1679413914680481	0.6638286113739014	-0.2590080797672272	0.04299462214112282	0.5359796285629272	-0.3019717037677765	0.14451263844966888	-0.3198842704296112	0.0032776067964732647	-0.7189072370529175	-0.1525367647409439	0.5967867374420166	-0.663582980632782	0.6857139468193054	-0.4297053813934326
0.6339882016181946	-0.18244889378547668	-0.08150124549865723	-0.34957167506217957	-0.2542981207370758	0.2511886656284332	-0.40120387077331543	0.16748711466789246	0.07474048435688019	0.6244458556175232	0.1955481320619583	0.11453920602798462	0.6587381362915039	-0.6625041365623474	-0.13184332847595215	0.07731873542070389	0.36849430203437805	0.09175688773393631	-0.31011420488357544	0.22568084299564362	-0.4483450949192047	0.31114324927330017	-0.6661599278450012	0.26032862067222595	0.4815259277820587	0.12062022089958191	-0.005849611479789019	-0.3447663486003876	0.1694290041923523	-0.003090293612331152
0.5288150310516357	-0.037527896463871	0.20990855991840363	-0.43499451875686646	-0.39274245500564575	0.23488910496234894	-0.470182329416275	-0.026754159480333328	-0.3515581786632538	0.7182520031929016	-0.0323859266936779	0.19262529909610748	0.5099718570709229	-0.252765029668808	-0.6529002785682678	0.25217002630233765	0.8202824592590332	-0.3636557459831238	-0.2423543781042099	0.3305923640727997	-0.3222285509109497	-0.07480102777481079	-0.590484082698822	-0.33998194336891174	-0.053787004202604294	0.15124598145484924	0.22940708696842194	-0.616543710231781	0.6737459897994995	-0.08389496803283691
0.10789375007152557	0.13016413152217865	-0.08045002073049545	-0.4814770221710205	-0.35113486647605896	-0.12555862963199615	-0.23570527136325836	0.32818174362182617	0.15049128234386444	0.2838437855243683	-0.03134680539369583	0.502966582775116	0.5170201063156128	-0.41159918904304504	0.4306936264038086	-0.010707498528063297	0.02861933223903179	0.20511193573474884	-0.030367393046617508	0.44995051622390747	-0.43023326992988586	0.49471426010131836	-0.42756783962249756	0.5537756681442261	-0.315436989068985	-0.18286150693893433	0.4208531081676483	-0.4130396246910095	0.19095440208911896	-0.3614327907562256
0.33496206998825073	0.046646762639284134	0.06612905859947205	-0.4585493505001068	-0.3721255958080292	0.05650627613067627	-0.35858669877052307	0.15573659539222717	-0.10737321525812149	0.5355830788612366	-0.03186637535691261	0.3576301336288452	0.513504683971405	-0.334555983543396	-0.15844836831092834	0.12288622558116913	0.5321599841117859	-0.086299367249012	-0.13794030249118805	0.39191934466362	-0.3775140941143036	0.22950896620750427	-0.5136407613754272	0.13405741751194	-0.18794432282447815	-0.016261691227555275	0.32850003242492676	-0.522185742855072	0.4663921594619751	-0.22727371752262115
-0.3299613296985626	0.2552722990512848	-0.19893498718738556	-0.4543072283267975	-0.10618369281291962	-0.41468945145606995	-0.43561437726020813	-0.3538537323474884	-0.7036672234535217	0.13017155230045319	-0.5227043032646179	0.143161803483963	0.3924294114112854	0.059998251497745514	0.17421618103981018	0.2936907708644867	0.3920319378376007	-0.036252621561288834	0.5401483774185181	0.5537880063056946	0.3787718713283539	-0.4420258402824402	0.11368522047996521	-0.05730195343494415	-0.5509281754493713	-0.3969097137451172	0.2654227614402771	-0.23070326447486877	0.5092142820358276	-0.48780304193496704
0.42723917961120605	-0.19866874814033508	-0.46010124683380127	-0.2251553237438202	0.15395134687423706	-0.04100916534662247	-0.5127435326576233	-0.3325660824775696	-0.46931377053260803	0.37956473231315613	-0.11952605843544006	-0.3575652241706848	0.6967082023620605	-0.6850441098213196	0.22637970745563507	0.2074703574180603	0.0012507059145718813	0.31022289395332336	0.23613058030605316	0.24957986176013947	0.22383113205432892	-0.28990867733955383	-0.3435485064983368	0.20296066999435425	0.669940710067749	-0.14402011036872864	-0.3986627459526062	0.2019500732421875	-0.1066659688949585	-0.07657811045646667
0.28852492570877075	-0.0543234646320343	-0.19995105266571045	-0.3186689019203186	0.00014939391985535622	-0.05828932672739029	-0.5727906227111816	-0.49416133761405945	-0.7403667569160461	0.5163252949714661	-0.3369047939777374	-0.28587955236434937	0.5601045489311218	-0.2909996807575226	-0.39469707012176514	0.37203413248062134	0.6482366323471069	-0.1511489450931549	0.3041352927684784	0.3529627025127411	0.3593862056732178	-0.6013238430023193	-0.2286001741886139	-0.3924683630466461	0.2277618646621704	-0.11333440989255905	-0.1806405782699585	-0.15392033755779266	0.49254852533340454	-0.15643548965454102
-0.18120357394218445	0.11358307301998138	-0.45926669239997864	-0.3705234229564667	0.04841245338320732	-0.4002428352832794	-0.3640820384025574	-0.17226655781269073	-0.40734755992889404	-0.040828146040439606	-0.33598238229751587	0.06404613703489304	0.566638708114624	-0.4453051686286926	0.6770968437194824	0.12173839658498764	-0.3423939049243927	0.41102129220962524	0.4861201047897339	0.46992114186286926	0.24504071474075317	-0.07783632725477219	-0.011219131760299206	0.5103243589401245	-0.040882375091314316	-0.4228687882423401	0.03250854089856148	0.12433923780918121	-0.08462166041135788	-0.42368194460868835
0.05680361017584801	0.02984030917286873	-0.3359600305557251	-0.34485924243927	0.024295078590512276	-0.23657862842082977	-0.47509098052978516	-0.3432539701461792	-0.5991747975349426	0.2591833174228668	-0.3364436626434326	-0.11446579545736313	0.5633804202079773	-0.37070783972740173	0.20043998956680298	0.2510785162448883	0.20478765666484833	0.14130975306034088	0.39905014634132385	0.41314414143562317	0.30330491065979004	-0.3684307634830475	-0.12136458605527878	0.07409083843231201	0.09517230093479156	-0.27521905303001404	-0.07492173463106155	-0.015082575380802155	0.22346241772174835	-0.29583674669265747
-0.5261986255645752	0.12265224754810333	-0.1471269726753235	0.5216947197914124	0.18469619750976562	-0.3437544107437134	0.058901309967041016	-0.21435394883155823	-0.3295784294605255	-0.2455611228942871	-0.43603917956352234	0.2517569065093994	-0.5050662159919739	0.39022770524024963	-0.04478205367922783	-0.4856812655925751	0.08925274759531021	-0.14321544766426086	0.6291167140007019	-0.2663329541683197	0.18037275969982147	-0.07512085884809494	-0.09722103923559189	-0.0772293359041214	-0.7760148048400879	0.44068172574043274	0.375168114900589	0.025388341397047043	0.5508548021316528	0.04068436101078987
0.21119874715805054	-0.3266896605491638	-0.4169701337814331	0.6856499314308167	0.42075666785240173	0.04186087101697922	-0.04064760357141495	-0.19121591746807098	0.022978387773036957	0.01795119233429432	-0.007376233581453562	-0.25518929958343506	-0.1094375029206276	-0.4514811635017395	0.009546441957354546	-0.5528433322906494	-0.3126295208930969	0.20969636738300323	0.3594551086425781	-0.5661078691482544	0.011428119614720345	0.10067442804574966	-0.5152257680892944	0.18369096517562866	0.37572693824768066	0.6339682936668396	-0.29091617465019226	0.43422412872314453	-0.049094561487436295	0.45987430214881897
0.0548127181828022	-0.18981827795505524	-0.14816206693649292	0.628307580947876	0.2854221761226654	0.02455711178481579	-0.12523064017295837	-0.3708770275115967	-0.39618733525276184	0.18747445940971375	-0.23348577320575714	-0.17898865044116974	-0.32548242807388306	0.05229238420724869	-0.5636558532714844	-0.41547587513923645	0.4198776185512543	-0.2545333802700043	0.4216177761554718	-0.48378729820251465	0.15857423841953278	-0.2874048054218292	-0.41730135679244995	-0.4092692732810974	-0.18169309198856354	0.6522636413574219	-0.06008119508624077	0.10478641092777252	0.5351675152778625	0.3936816453933716
-0.40139907598495483	-0.02369188703596592	-0.4160955548286438	0.5913568735122681	0.32915136218070984	-0.32838818430900574	0.14320001006126404	-0.02188638225197792	0.09941591322422028	-0.3989914059638977	-0.23250208795070648	0.17543573677539825	-0.31689760088920593	-0.1261548548936844	0.5391170382499695	-0.6110831499099731	-0.5924999713897705	0.31753313541412354	0.5827092528343201	-0.3685740530490875	0.03385980799794197	0.3108527362346649	-0.2193065732717514	0.4953683912754059	-0.4271993637084961	0.4151945412158966	0.15378141403198242	0.3673116862773895	-0.026878807693719864	0.12111172825098038
-0.18313440680503845	-0.1075054332613945	-0.28774937987327576	0.6101639270782471	0.307449072599411	-0.15692183375358582	0.009149523451924324	-0.20281323790550232	-0.15834279358386993	-0.11584281921386719	-0.2329939901828766	-0.001834044000133872	-0.32119661569595337	-0.03722800686955452	-0.017630821093916893	-0.5200657844543457	-0.11645238846540451	0.034309983253479004	0.5065711736679077	-0.4279174506664276	0.09659615159034729	0.012876278720796108	-0.32181787490844727	0.05415518581867218	-0.30959680676460266	0.5445141196250916	0.04739322140812874	0.24044109880924225	0.2777448892593384	0.2626282870769501
0.14432913064956665	0.6561589241027832	-0.41974562406539917	-0.3821781277656555	-0.4032173156738281	-0.6182325482368469	-0.006225707940757275	-0.16379621624946594	-0.6963104605674744	-0.2629639506340027	-0.20340953767299652	0.17660994827747345	0.16130481660366058	-0.09444329142570496	0.33384186029434204	0.1462559998035431	0.6100777983665466	0.21227261424064636	0.12033597379922867	0.586849570274353	0.17852908372879028	0.05120546743273735	0.36184921860694885	-0.4920493960380554	-0.804332971572876	-0.24417655169963837	0.4879772663116455	-0.6614319086074829	0.23379789292812347	-0.48242640495300293
0.7373483777046204	0.312801331281662	-0.6310743093490601	-0.14063525199890137	-0.16421383619308472	-0.31123286485671997	-0.1054716482758522	-0.1402234137058258	-0.45798996090888977	-0.0006531848339363933	0.24836216866970062	-0.32726505398750305	0.5433752536773682	-0.758788526058197	0.38123559951782227	0.05518212541937828	0.2877369821071625	0.5172739028930664	-0.23811136186122894	0.29495370388031006	0.009523297660052776	0.22368283569812775	-0.09300751239061356	-0.2688070833683014	0.309129536151886	0.025730596855282784	-0.15922285616397858	-0.3413838744163513	-0.4057712256908417	-0.06958425045013428
0.6556159257888794	0.43869754672050476	-0.4206169545650482	-0.23800504207611084	-0.3101849853992462	-0.3267926871776581	-0.1887945532798767	-0.3247912526130676	-0.7337787747383118	0.16946133971214294	0.02316569909453392	-0.2540561258792877	0.3636130094528198	-0.4255533814430237	-0.24135974049568176	0.2312348634004593	0.7883653044700623	0.09917542338371277	-0.1677718460559845	0.3951115012168884	0.15671655535697937	-0.16762514412403107	0.032110292464494705	-0.7143987417221069	-0.25357067584991455	0.05687979981303215	0.07866110652685165	-0.6141616702079773	0.21265879273414612	-0.14956867694854736
0.29579219222068787	0.5642654299736023	-0.6304371356964111	-0.2927058935165405	-0.2659023106098175	-0.6074156165122986	0.07883180677890778	0.030546072870492935	-0.3952457308769226	-0.4145186245441437	0.024205291643738747	0.09814620763063431	0.3718907833099365	-0.5605431199073792	0.7594303488731384	-0.032931119203567505	-0.06187618896365166	0.5971192121505737	0.04748829826712608	0.5072260499000549	0.03195684775710106	0.42025524377822876	0.2483125925064087	0.08159041404724121	-0.48687636852264404	-0.2732897400856018	0.28580188751220703	-0.409854918718338	-0.3870195150375366	-0.4178955554962158
0.49675869941711426	0.504141092300415	-0.5336905121803284	-0.26556918025016785	-0.28819772601127625	-0.47926101088523865	-0.05598697066307068	-0.15203143656253815	-0.5898484587669373	-0.13415785133838654	0.023685501888394356	-0.08046609163284302	0.36775916814804077	-0.49603956937789917	0.35776910185813904	0.10093049705028534	0.46413689851760864	0.37487247586250305	-0.06084926053881645	0.45295774936676025	0.09470855444669724	0.13849413394927979	0.1419033408164978	-0.3860664367675781	-0.37617063522338867	-0.11127448827028275	0.18427690863609314	-0.5193918347358704	-0.09587226808071136	-0.2894074320793152
-0.5131468176841736	0.4281037747859955	-0.26392775774002075	0.040162183344364166	0.2981676459312439	-0.4513026773929596	0.020444724708795547	-0.6771533489227295	-0.43095162510871887	0.3403538465499878	-0.017296088859438896	0.5403368473052979	-0.1611199676990509	-0.022484617307782173	0.22530104219913483	0.1528344601392746	0.5588310956954956	-0.15161660313606262	0.2944413721561432	-0.1627396196126938	-0.16712071001529694	-0.30134329199790955	0.136028453707695	-0.15449278056621552	-0.6582792401313782	-0.5132690072059631	0.02998017705976963	-0.19129271805286407	0.27920711040496826	-0.45390594005584717
0.22821658849716187	-0.004818093962967396	-0.5125201940536499	0.2924268841743469	0.5148288607597351	-0.08589359372854233	-0.07902687042951584	-0.663872480392456	-0.0954357385635376	0.5533031225204468	0.41584312915802	0.08617353439331055	0.27629852294921875	-0.7264249920845032	0.2762266993522644	0.061888035386800766	0.21478639543056488	0.20147155225276947	-0.06019768863916397	-0.48771923780441284	-0.3271581828594208	-0.13390803337097168	-0.32337555289268494	0.1070319190621376	0.5652927160263062	-0.2841684818267822	-0.5810205936431885	0.24117206037044525	-0.36437350511550903	-0.033151689916849136
0.0726211741566658	0.14120130240917206	-0.2649119198322296	0.197503462433815	0.39206868410110474	-0.10306182503700256	-0.1629478931427002	-0.759717583656311	-0.49134188890457153	0.6611728668212891	0.2090318202972412	0.16488677263259888	0.055722951889038086	-0.36463117599487305	-0.34884631633758545	0.23759408295154572	0.7570143342018127	-0.2625471353530884	0.013126557692885399	-0.396259605884552	-0.18885281682014465	-0.48650309443473816	-0.20697976648807526	-0.4723489284515381	0.061691317707300186	-0.2552362084388733	-0.4007892310619354	-0.11340995132923126	0.2585679590702057	-0.11367273330688477
-0.38629183173179626	0.3009859323501587	-0.5117395520210266	0.14033618569374084	0.4321546256542206	-0.4374004006385803	0.10527753084897995	-0.5566716194152832	-0.018961839377880096	0.18072053790092468	0.2100263386964798	0.4812525808811188	0.06526026874780655	-0.5090062618255615	0.7048909068107605	-0.02620803751051426	-0.13896366953849792	0.3097902536392212	0.22605155408382416	-0.27110761404037476	-0.3069714903831482	0.08554570376873016	0.011477983556687832	0.4339827299118042	-0.20788811147212982	-0.5358836054801941	-0.20641514658927917	0.16472488641738892	-0.3449242115020752	-0.3872888684272766
-0.1657976657152176	0.22258789837360382	-0.3954413831233978	0.16906201839447021	0.4123111963272095	-0.2786523103713989	-0.02936377190053463	-0.6705666780471802	-0.27141982316970825	0.4532722532749176	0.20952913165092468	0.33238717913627625	0.060492996126413345	-0.4396543502807617	0.25093749165534973	0.1075863167643547	0.4008471667766571	0.025729946792125702	0.1209804117679596	-0.3351612687110901	-0.2488371580839157	-0.2192392200231552	-0.09894290566444397	-0.024143492802977562	-0.07445857673883438	-0.40505754947662354	-0.3067976236343384	0.026163801550865173	-0.04751313850283623	-0.2555917501449585
-0.4340232312679291	0.1997825801372528	0.7228584885597229	0.351423978805542	0.1485825926065445	-0.19188372790813446	-0.28363943099975586	-0.26820576190948486	0.1857481598854065	-0.3421142101287842	0.025611095130443573	0.4290839731693268	0.007227630354464054	0.43953314423561096	0.12921151518821716	0.10391334444284439	0.04704964905977249	0.01267805602401495	0.48796364665031433	-0.30297690629959106	0.1654200553894043	-0.2564336061477661	0.10159721970558167	-0.4659259617328644	-0.5452476739883423	0.4741802215576172	0.09132084250450134	0.2062317579984665	0.3260079026222229	-0.17200617492198944
0.3225192129611969	-0.2541877031326294	0.5495871305465698	0.5567436814308167	0.3897128105163574	0.20307429134845734	-0.37245896458625793	-0.24566853046417236	0.5029650926589966	-0.08762308210134506	0.4506933093070984	-0.059400103986263275	0.42471790313720703	-0.40279078483581543	0.18223804235458374	0.012215014547109604	-0.35036835074424744	0.3537636399269104	0.16808094084262848	-0.592596173286438	-0.003985160496085882	-0.08579648286104202	-0.3542892634868622	-0.23707315325737	0.6743918061256409	0.6586334705352783	-0.5387659668922424	0.5709487795829773	-0.31886833906173706	0.27541300654411316
0.17313644289970398	-0.11243802309036255	0.7223528027534485	0.4830975830554962	0.2509492337703705	0.18640843033790588	-0.4434334635734558	-0.41913196444511414	0.11071112006902695	0.08372042328119278	0.24968160688877106	0.020545128732919693	0.22179654240608215	0.11145847290754318	-0.43287187814712524	0.1901290863752365	0.3843357563018799	-0.103002168238163	0.23841135203838348	-0.5137407183647156	0.14351241290569305	-0.4484510123729706	-0.24015803635120392	-0.6973913311958313	0.2354460060596466	0.6759405136108398	-0.3478555679321289	0.28122445940971375	0.3059817850589752	0.19901758432388306
-0.29614171385765076	0.05547983571887016	0.5503252148628235	0.436705082654953	0.2956320345401764	-0.1751442849636078	-0.20353157818317413	-0.07892435044050217	0.5580731630325317	-0.4840424060821533	0.25065669417381287	0.3616259694099426	0.23087848722934723	-0.06714602559804916	0.6513614654541016	-0.07581985741853714	-0.6193291544914246	0.45086607336997986	0.43007293343544006	-0.4025208055973053	0.018456866964697838	0.13365991413593292	-0.02344515733420849	0.11516579240560532	-0.032773714512586594	0.4496363699436188	-0.14676952362060547	0.514735221862793	-0.29874229431152344	-0.09246604889631271
-0.06510122865438461	-0.028681442141532898	0.6444208025932312	0.4602154493331909	0.27343815565109253	0.005822358187288046	-0.3287760019302368	-0.256972074508667	0.3545151948928833	-0.21858222782611847	0.25016921758651733	0.19704049825668335	0.22634242475032806	0.022334422916173935	0.1558370441198349	0.058186911046504974	-0.15805339813232422	0.18891234695911407	0.3377384841442108	-0.45993277430534363	0.0813046246767044	-0.17240819334983826	-0.13339583575725555	-0.35684195160865784	0.10321208089590073	0.5736343264579773	-0.25000637769699097	0.4045529067516327	0.00398397957906127	0.054435379803180695
-0.41760244965553284	0.6662963628768921	0.40774327516555786	-0.17681828141212463	-0.040849748998880386	-0.3756963312625885	-0.13942690193653107	-0.057647667825222015	-0.581192672252655	-0.2743509113788605	-0.28061023354530334	0.44584110379219055	-0.22443270683288574	0.10710801184177399	-0.015813805162906647	-0.5409303307533264	0.2148742973804474	-0.006129910703748465	0.5288653373718262	-0.1879674345254898	0.01577669568359852	-0.5148252248764038	0.05239678919315338	-0.08260782063007355	-0.4621056914329529	-0.3226279318332672	0.6099053025245667	-0.0817016214132309	-0.05078834295272827	-0.32885199785232544
0.3403734266757965	0.3289602994918823	0.1362329125404358	0.08215232193470001	0.21737398207187653	0.005189942196011543	-0.2354774922132492	-0.03356741741299629	-0.2903277575969696	-0.01292541902512312	0.1699438989162445	-0.03872663155198097	0.21450361609458923	-0.6590358018875122	0.038524556905031204	-0.6028065085411072	-0.19224953651428223	0.3372005522251129	0.22116020321846008	-0.5073042511940002	-0.1539280265569687	-0.37393835186958313	-0.39679932594299316	0.17845536768436432	0.7307631373405457	-0.05956004932522774	0.014778234995901585	0.3432859480381012	-0.6166452169418335	0.1144014522433281
0.19252382218837738	0.4531293213367462	0.4068606495857239	-0.01874461956322193	0.0657673105597496	-0.012132716365158558	-0.314203143119812	-0.22547858953475952	-0.6297639012336731	0.15751659870147705	-0.05881984159350395	0.04124870523810387	-0.010001709684729576	-0.24699313938617706	-0.5435484647750854	-0.4756045639514923	0.5199918150901794	-0.12157317250967026	0.28973186016082764	-0.41797325015068054	-0.006666040048003197	-0.6582648754119873	-0.2862217128276825	-0.41376563906669617	0.3377540707588196	-0.02841798961162567	0.2488556057214737	-0.002105456544086337	-0.07295102626085281	0.03388919681310654
-0.2777353823184967	0.5764192342758179	0.13727128505706787	-0.07745621353387833	0.11366991698741913	-0.36072221398353577	-0.05506381765007973	0.1372571736574173	-0.21857695281505585	-0.4246308207511902	-0.05778320133686066	0.37950339913368225	-0.0004296190745662898	-0.40647292137145996	0.5593639016151428	-0.6559805870056152	-0.5025594234466553	0.4357544183731079	0.4739641547203064	-0.29504984617233276	-0.13194341957569122	-0.1708299070596695	-0.07282446324825287	0.4912726879119873	0.07865958660840988	-0.3502972722053528	0.43767985701560974	0.2710845470428467	-0.6026670932769775	-0.25479885935783386
-0.045104216784238815	0.5174546241760254	0.27752023935317993	-0.048141997307538986	0.08977053314447403	-0.1924927979707718	-0.18790140748023987	-0.04561416804790497	-0.4475184679031372	-0.14618949592113495	-0.05830153822898865	0.21687614917755127	-0.005215783603489399	-0.3290775418281555	0.011363767087459564	-0.5726835131645203	0.01180146262049675	0.17071233689785004	0.38568592071533203	-0.35806208848953247	-0.06957905739545822	-0.44715091586112976	-0.1816609501838684	0.04875646159052849	0.21192768216133118	-0.19459065794944763	0.34677645564079285	0.13709554076194763	-0.36721736192703247	-0.11283543705940247
0.14421573281288147	-0.02629176527261734	0.3424992859363556	-0.5691152215003967	0.07899095863103867	-0.49211385846138	0.3506377339363098	0.10881590098142624	-0.355398565530777	0.14605268836021423	-0.03626483306288719	0.5624679923057556	0.03615668788552284	0.1333082765340805	-0.18678438663482666	0.2045934647321701	0.21855837106704712	0.1543232947587967	0.5445388555526733	0.03255351260304451	0.23375166952610016	-0.17527805268764496	0.08499422669410706	-0.1318839192390442	-0.7191184163093567	-0.15873819589614868	0.34570398926734924	-0.47191622853279114	0.6480492353439331	-0.12474209815263748
0.7372955083847046	-0.45317497849464417	0.06102903559803963	-0.367196649312973	0.32830435037612915	-0.13773567974567413	0.2603940963745117	0.1325947344303131	-0.006271548103541136	0.3933367133140564	0.4000197947025299	0.11764520406723022	0.4481468200683594	-0.6437323093414307	-0.13383667171001434	0.11493764072656631	-0.18852399289608002	0.47198933362960815	0.24199509620666504	-0.3241690695285797	0.06711392849683762	-0.0008275907603092492	-0.3688483238220215	0.12979041039943695	0.4811899960041046	0.11435255408287048	-0.3216037452220917	-0.07270731776952744	0.10282183438539505	0.3194637596607208
0.6555498838424683	-0.3290115296840668	0.34156492352485657	-0.4512459337711334	0.183778777718544	-0.15468819439411163	0.1793486475944519	-0.06237947195768356	-0.4205601215362549	0.5280999541282654	0.19080820679664612	0.19565506279468536	0.24913421273231506	-0.22186993062496185	-0.6540629267692566	0.28737562894821167	0.5228065848350525	0.039498161524534225	0.3097692131996155	-0.21884185075759888	0.21242555975914001	-0.37787583470344543	-0.25587648153305054	-0.4542215168476105	-0.054222989827394485	0.14503006637096405	-0.09374555945396423	-0.4076203405857086	0.6349576711654663	0.24496325850486755
0.2956865131855011	-0.17155371606349945	0.06208318844437599	-0.49686023592948914	0.23000210523605347	-0.4788742959499359	0.4230427145957947	0.295962929725647	0.07037480175495148	-0.02465553767979145	0.19181032478809357	0.505314826965332	0.2580908536911011	-0.38404229283332825	0.4290394186973572	0.02725979872047901	-0.4996644854545593	0.5571386814117432	0.4908558428287506	-0.08111572265625	0.08941963315010071	0.21617954969406128	-0.040176987648010254	0.45252931118011475	-0.31583070755004883	-0.18899717926979065	0.12055401504039764	-0.1514406055212021	0.1247815266251564	-0.044363755732774734
0.4966714680194855	-0.25194936990737915	0.20602168142795563	-0.47437143325805664	0.20700596272945404	-0.3263443112373352	0.3062036633491516	0.12072263658046722	-0.18672382831573486	0.27422162890434265	0.19130931794643402	0.36037278175354004	0.25361794233322144	-0.30516698956489563	-0.16042593121528625	0.1600957214832306	0.015666376799345016	0.3221968412399292	0.4042666554450989	-0.15071000158786774	0.151509091258049	-0.0887332335114479	-0.14980876445770264	-0.0010649837786331773	-0.18836610019207	-0.022614676505327225	0.013559937477111816	-0.2846035361289978	0.4116176962852478	0.1024663969874382
-0.6901671290397644	-0.26961982250213623	0.20409215986728668	0.1547263115644455	-0.18659275770187378	0.04105662554502487	0.3749566376209259	0.2026834934949875	-0.39850130677223206	-0.76340252161026	-0.4808409810066223	-0.15286265313625336	-0.5429547429084778	0.16221889853477478	-0.04941072314977646	0.06291528791189194	0.5014297962188721	0.4102596640586853	0.5389230251312256	0.19129079580307007	-0.31352150440216064	-0.3615042567253113	0.3244670331478119	0.09110528975725174	-0.799569845199585	-0.3905973434448242	0.21387356519699097	-0.012353983707726002	0.02292271889746189	-0.1857653707265854
-0.04893641173839569	-0.6284465789794922	-0.08858457207679749	0.3944113552570343	0.07283680886030197	0.4147287905216217	0.28630679845809937	0.22570669651031494	-0.05646824091672897	-0.626530110836029	-0.06403656303882599	-0.586499810218811	-0.16072377562522888	-0.626092255115509	0.004907724913209677	-0.02906751073896885	0.13739193975925446	0.6600961089134216	0.2344977855682373	-0.1734166443347931	-0.4584802985191345	-0.19961917400360107	-0.13483142852783203	0.34039735794067383	0.32115107774734497	-0.13669665157794952	-0.4436483681201935	0.4030977785587311	-0.5688458681106567	0.2622261047363281
-0.20556242763996124	-0.531243085861206	0.20307785272598267	0.30582094192504883	-0.08188603073358536	0.40028277039527893	0.20631277561187744	0.03380750119686127	-0.4610382914543152	-0.5108788013458252	-0.28638243675231934	-0.5315446257591248	-0.3713766634464264	-0.1935894936323166	-0.5668126940727234	0.1500384360551834	0.7207801938056946	0.3093946874141693	0.3025658428668976	-0.061250992119312286	-0.333614706993103	-0.5364000201225281	-0.010258728638291359	-0.2598906457424164	-0.24103988707065582	-0.10595358908176422	-0.2329920083284378	0.06732209026813507	0.0006779598770663142	0.18532846868038177
-0.5971570611000061	-0.39981022477149963	-0.08753461390733719	0.2515471577644348	-0.03375602141022682	0.05833670496940613	0.4457627236843109	0.3811206817626953	0.02023182436823845	-0.8262132406234741	-0.2854273021221161	-0.22990427911281586	-0.3630952537059784	-0.3585617244243622	0.5358180999755859	-0.11672250926494598	-0.21631427109241486	0.7206670641899109	0.48479893803596497	0.0796482190489769	-0.44057270884513855	0.018134554848074913	0.2081466168165207	0.6118616461753845	-0.476626992225647	-0.4167146682739258	-0.022182472050189972	0.3342130184173584	-0.5536060929298401	-0.10653939843177795
-0.42076826095581055	-0.4681115448474884	0.059022072702646255	0.27890676259994507	-0.05785464122891426	0.23662351071834564	0.33136284351348877	0.21422486007213593	-0.2347373515367508	-0.7013750672340393	-0.2859049439430237	-0.391179621219635	-0.367243230342865	-0.2781253755092621	-0.022267932072281837	0.016959769651293755	0.3317027986049652	0.5472545623779297	0.3975958824157715	0.009244496002793312	-0.3884011209011078	-0.2825724482536316	0.1001502126455307	0.21932820975780487	-0.36465486884117126	-0.2683001756668091	-0.12904495000839233	0.20456641912460327	-0.3017502725124359	0.040253158658742905
-0.5634647607803345	0.46441414952278137	-0.31149426102638245	-0.33041518926620483	0.020102960988879204	-0.3461954891681671	0.29664936661720276	-0.18399609625339508	-0.3123970627784729	-0.1700417548418045	-0.5190025568008423	-0.34569764137268066	0.22294217348098755	-0.014347187243402004	-0.4760914742946625	0.16944116353988647	0.6450281143188477	-0.053907670080661774	0.20502185821533203	0.4208483099937439	-0.345925509929657	-0.34161221981048584	0.5474853515625	0.18147988617420197	-0.5051124095916748	-0.023895617574453354	0.6051397323608398	-0.509292721748352	0.33205753564834595	-0.6698521375656128
0.1600169539451599	0.040511757135391235	-0.5497449040412903	-0.08207497000694275	0.2746407985687256	0.03909457474946976	0.20332837104797363	-0.1605820208787918	0.0421132817864418	0.09662462025880814	-0.11451579630374908	-0.705814003944397	0.5869213342666626	-0.7225574851036072	-0.43298056721687317	0.07885301858186722	0.3397315740585327	0.29414746165275574	-0.1544770449399948	0.0796893835067749	-0.4867155849933624	-0.17772969603538513	0.14153729379177094	0.41917920112609863	0.7035029530525208	0.2459023892879486	0.007225756533443928	-0.12147460877895355	-0.3127608597278595	-0.33994460105895996
0.001846084138378501	0.18533626198768616	-0.3124494254589081	-0.18131758272647858	0.12616467475891113	0.02178776077926159	0.12039373070001602	-0.3432965576648712	-0.37991684675216675	0.2624075710773468	-0.3323938846588135	-0.6633511185646057	0.41783571243286133	-0.3575524091720581	-0.8045147657394409	0.25361499190330505	0.8092284202575684	-0.16838833689689636	-0.08214034140110016	0.1913307011127472	-0.3655283749103546	-0.520035982131958	0.2616626024246216	-0.17210699617862701	0.28709229826927185	0.2749878764152527	0.24175676703453064	-0.4478404223918915	0.31211793422698975	-0.40951818227767944
-0.4449109733104706	0.34164655208587646	-0.5490061044692993	-0.23758168518543243	0.17337238788604736	-0.3308579921722412	0.3722763657569885	0.009724670089781284	0.11834399402141571	-0.330576092004776	-0.3314683139324188	-0.4141145646572113	0.425705224275589	-0.5029500722885132	0.12907995283603668	-0.009163950569927692	-0.004263502079993486	0.39621248841285706	0.1337648183107376	0.3228837251663208	-0.4694020748138428	0.0408124104142189	0.45372799038887024	0.6662923693656921	0.022657811641693115	-0.05504944548010826	0.43155327439308167	-0.19915848970413208	-0.2925511598587036	-0.6227425932884216
-0.23383794724941254	0.26523324847221375	-0.4382861852645874	-0.20962314307689667	0.14985394477844238	-0.15962326526641846	0.2505708634853363	-0.1723134070634842	-0.13961279392242432	-0.037373896688222885	-0.3319311738014221	-0.5508988499641418	0.4217784106731415	-0.43306416273117065	-0.45480239391326904	0.12440631538629532	0.5081725716590881	0.12392991781234741	0.02611680142581463	0.25830426812171936	-0.4188344180583954	-0.26155510544776917	0.3615245521068573	0.30507341027259827	0.15770091116428375	0.113087497651577	0.340114027261734	-0.32919564843177795	0.010767706669867039	-0.5243005752563477
-0.11132039874792099	0.37390679121017456	0.22391828894615173	-0.016412856057286263	0.5229367017745972	-0.17417672276496887	0.14076939225196838	-0.2843966782093048	-0.6009162068367004	-0.4202042818069458	-0.19919772446155548	0.2035655379295349	0.25822508335113525	0.5074169635772705	-0.11225178092718124	-0.22051644325256348	0.12925985455513	-0.4887632131576538	0.3283534348011017	0.2377873957157135	-0.16344289481639862	-0.07968249917030334	-0.41585949063301086	-0.16093076765537262	-0.552249550819397	-0.15426895022392273	-0.06219017878174782	-0.47711172699928284	0.3096712827682495	-0.5026316046714783
0.5963836312294006	-0.06932222843170166	-0.06793401390314102	0.23985467851161957	0.686942994594574	0.22057300806045532	0.04204605147242546	-0.2620679438114166	-0.31783977150917053	-0.17740625143051147	0.2524765729904175	-0.3020683228969574	0.6109352707862854	-0.32692626118659973	-0.0583019033074379	-0.30613312125205994	-0.2756432890892029	-0.17553652822971344	-0.022707410156726837	-0.12576670944690704	-0.32377761602401733	0.09612973034381866	-0.723506510257721	0.10050080716609955	0.6688925623893738	0.11887171864509583	-0.6388697624206543	-0.07937386631965637	-0.3350977897644043	-0.09607885032892227
0.483818382024765	0.07738062739372253	0.2229129523038864	0.1425575613975525	0.5961210131645203	0.20403096079826355	-0.043123889714479446	-0.4334753453731537	-0.6477097272872925	-0.007538019213825464	0.027552569285035133	-0.22771286964416504	0.44826173782348633	0.1969105303287506	-0.6082192063331604	-0.13518497347831726	0.45265910029411316	-0.5719940662384033	0.050643205642700195	-0.012576151639223099	-0.18520398437976837	-0.2916092872619629	-0.6581631302833557	-0.47746211290359497	0.22596043348312378	0.1495121568441391	-0.4752640128135681	-0.41319623589515686	0.28941988945007324	-0.17554128170013428
0.04773801192641258	0.241143599152565	-0.06688066571950912	0.08446861058473587	0.6263634562492371	-0.15732981264591217	0.223115012049675	-0.09631900489330292	-0.2472478598356247	-0.5509227514266968	0.028591927140951157	0.12576191127300262	0.45587781071662903	0.02034291811287403	0.4891901910305023	-0.38375377655029297	-0.5655892491340637	-0.06124928593635559	0.2613750696182251	0.12786448001861572	-0.30354270339012146	0.306701123714447	-0.5139431357383728	0.42860862612724304	-0.04277823492884636	-0.18457555770874023	-0.2928527295589447	-0.15798543393611908	-0.3152022957801819	-0.4396677017211914
0.2801694869995117	0.16036547720432281	0.07969993352890015	0.113610178232193	0.6114655137062073	0.024139054119586945	0.09163287281990051	-0.2732691466808319	-0.47143295407295227	-0.303728312253952	0.028072254732251167	-0.05262365564703941	0.4520780146121979	0.10949037224054337	-0.08533939719200134	-0.26384440064430237	-0.07633814215660095	-0.3416009247303009	0.15780529379844666	0.05793077498674393	-0.24528685212135315	0.008287659846246243	-0.5907516479492188	-0.03074072301387787	0.09328997880220413	-0.018035104498267174	-0.3878493905067444	-0.29075390100479126	-0.014188120141625404	-0.31365910172462463
-0.7188604474067688	0.5089734196662903	0.08146830648183823	-0.4586758315563202	0.24656462669372559	-0.1435413956642151	-0.03758247569203377	-0.3249416649341583	-0.4808175563812256	-0.46631133556365967	0.08448823541402817	0.2851584851741791	-0.4239238202571869	0.202862948179245	0.231814906001091	-0.12919524312019348	0.24174121022224426	0.016255130991339684	0.13607242703437805	-0.28142493963241577	0.3718014359474182	-0.2564781904220581	-0.18403790891170502	0.16113024950027466	-0.5590112209320068	0.21896693110466003	0.060435060411691666	-0.49234771728515625	0.5377352833747864	-0.20170333981513977
-0.10558836162090302	0.09863080084323883	-0.210951566696167	-0.2303876131772995	0.47268515825271606	0.2502594292163849	-0.13638459146022797	-0.3031917214393616	-0.15739016234874725	-0.23238545656204224	0.49649474024772644	-0.22123593091964722	-0.0062592774629592896	-0.5998488664627075	0.28256306052207947	-0.21841922402381897	-0.1648084819316864	0.3568897545337677	-0.22296229004859924	-0.577092707157135	0.21611057221889496	-0.08584384620189667	-0.5773297548294067	0.4017467498779297	0.6634519696235657	0.4601627290248871	-0.5604454278945923	-0.09913098812103271	-0.06767390668392181	0.24673908948898315
-0.25947126746177673	0.24108123779296875	0.08041708171367645	-0.3236183524131775	0.3438803255558014	0.23395203053951263	-0.21886271238327026	-0.4690653085708618	-0.537625789642334	-0.0648532584309578	0.3042047619819641	-0.14393071830272675	-0.22996151447296143	-0.15280567109584808	-0.34279537200927734	-0.04171585291624069	0.5403679013252258	-0.09946100413799286	-0.15218192338943481	-0.4961857795715332	0.35230040550231934	-0.44848912954330444	-0.4877088963985443	-0.1923755705356598	0.21665799617767334	0.4844041168689728	-0.374862939119339	-0.4295753240585327	0.5217311382293701	0.16928957402706146
-0.6325914859771729	0.39218032360076904	-0.20994026958942413	-0.3752746284008026	0.38574162125587463	-0.12653443217277527	0.04758535698056221	-0.14038826525211334	-0.08176353573799133	-0.589638352394104	0.3051483631134033	0.2100943773984909	-0.2208755612373352	-0.32137760519981384	0.7083321809768677	-0.3005979061126709	-0.4810718894004822	0.45371198654174805	0.06343851238489151	-0.38258829712867737	0.23739966750144958	0.13361304998397827	-0.3018532395362854	0.6544709205627441	-0.05253756791353226	0.18906350433826447	-0.17701980471611023	-0.1773413121700287	-0.045497290790081024	-0.12288101762533188
-0.466535747051239	0.3186536729335785	-0.06616207957267761	-0.3497122526168823	0.36499541997909546	0.055517833679914474	-0.08719795942306519	-0.31410789489746094	-0.3287073075771332	-0.3548905551433563	0.3046766519546509	0.034153178334236145	-0.2254234403371811	-0.2388906329870224	0.257366418838501	-0.17416468262672424	0.040126994252204895	0.19236014783382416	-0.04489455372095108	-0.441152423620224	0.29592007398605347	-0.17245449125766754	-0.39886927604675293	0.28593942523002625	0.08358493447303772	0.34525299072265625	-0.27889806032180786	-0.3088793456554413	0.26045212149620056	0.02371055632829666
-0.33812692761421204	0.4603816270828247	0.4206148087978363	-0.012966785579919815	-0.1800684779882431	-0.4031676948070526	-0.06657211482524872	-0.4928675591945648	-0.422424852848053	-0.26683443784713745	-0.30010950565338135	-0.21851082146167755	-0.1819590926170349	-0.3452908396720886	0.29974955320358276	-0.16158324480056763	-0.18489253520965576	-0.39380043745040894	0.50343257188797	-0.3822505474090576	0.09407684206962585	-0.1643708348274231	-0.07241750508546829	0.021902943029999733	-0.7615845799446106	-0.14318270981311798	-0.10166924446821213	-0.4187982678413391	0.5839998722076416	-0.5672581791877747
0.419696182012558	0.03538990765810013	0.15144838392734528	0.24310050904750824	0.07954879105091095	-0.0271898340433836	-0.16479375958442688	-0.474381685256958	-0.08509591966867447	-0.004815742373466492	0.14919137954711914	-0.6293476819992065	0.2563506066799164	-0.8507094383239746	0.3483838737010956	-0.24969373643398285	-0.5370436906814575	-0.05916038155555725	0.18793970346450806	-0.6478335857391357	-0.07643411308526993	0.010403284803032875	-0.4966381788253784	0.2776091694831848	0.4056316018104553	0.13003313541412354	-0.6618018746376038	-0.006536852568387985	-0.0002302657812833786	-0.1848752796649933
0.28007662296295166	0.18037854135036469	0.41974344849586487	0.1459326595067978	-0.07517648488283157	-0.044490449130535126	-0.24635805189609528	-0.6116478443145752	-0.4833933413028717	0.1654154658317566	-0.0800120010972023	-0.5785744190216064	0.034295469522476196	-0.6167951226234436	-0.2767128646373749	-0.07469134032726288	0.16936112940311432	-0.4871659278869629	0.2576582133769989	-0.5768288373947144	0.07178802043199539	-0.3682076632976532	-0.3964545726776123	-0.3234032988548279	-0.147355854511261	0.16057664155960083	-0.5054502487182617	-0.3508871793746948	0.569148600101471	-0.2617890536785126
-0.19007804989814758	0.3371080756187439	0.15248210728168488	0.08788982033729553	-0.02701108530163765	-0.38855963945388794	0.01854865811765194	-0.3310439884662628	-0.008539051748812199	-0.4179600179195404	-0.07897839695215225	-0.2932422161102295	0.04385320842266083	-0.7158039808273315	0.7429206967353821	-0.3303912878036499	-0.7434031963348389	0.056756895035505295	0.4466404318809509	-0.4750344753265381	-0.05408649146556854	0.22685952484607697	-0.19539758563041687	0.566558301448822	-0.3979150354862213	-0.1736021637916565	-0.3287578523159027	-0.08610190451145172	0.022014951333403587	-0.5098066926002502
0.04763743653893471	0.260458379983902	0.29179811477661133	0.117011159658432	-0.05112351104617119	-0.22347530722618103	-0.11596643179655075	-0.48367854952812195	-0.2617359161376953	-0.13824321329593658	-0.07949522137641907	-0.44721490144729614	0.03907523676753044	-0.6692597270011902	0.3242810070514679	-0.2060561329126358	-0.37438884377479553	-0.23337869346141815	0.3557809293270111	-0.5278244018554688	0.008885961957275867	-0.07757976651191711	-0.2992440462112427	0.1523037999868393	-0.2773444354534149	-0.006699810270220041	-0.4210909307003021	-0.22259560227394104	0.3222363591194153	-0.3929198682308197
-0.3650120198726654	0.25787031650543213	-0.06677793711423874	-0.5985369086265564	-0.25173747539520264	-0.11419069766998291	-0.14632348716259003	-0.41103318333625793	-0.6599141955375671	-0.2704775631427765	-0.012023311108350754	0.01610681042075157	0.05228516086935997	0.4697769582271576	-0.2969861328601837	-0.049063120037317276	0.4868772625923157	-0.4738270342350006	0.34694039821624756	-0.011778607033193111	-0.5073305368423462	0.05387410148978233	0.6148597002029419	0.30939528346061707	-0.8343098163604736	0.06199363246560097	0.08731812238693237	0.11366751044988632	0.205570787191391	-0.26508674025535583
0.394098699092865	-0.19599591195583344	-0.3475845456123352	-0.4051792323589325	0.004503721371293068	0.27802303433418274	-0.2421162873506546	-0.3907816410064697	-0.4030824601650238	-0.00874208752065897	0.42019543051719666	-0.4637947976589203	0.46096768975257874	-0.37036293745040894	-0.24665892124176025	-0.1402462273836136	0.11845244467258453	-0.1566331535577774	-0.001731632393784821	-0.36326566338539124	-0.623106837272644	0.2262234389781952	0.23965555429458618	0.5248858332633972	0.22431634366512299	0.3248145580291748	-0.5416234135627747	0.5034058690071106	-0.4302467405796051	0.182795450091362
0.25156712532043457	-0.05155013129115105	-0.06783130019903183	-0.48607999086380005	-0.14940525591373444	0.26196303963661194	-0.32053428888320923	-0.5431146621704102	-0.7010816335678101	0.16159389913082123	0.2140696942806244	-0.39871251583099365	0.26422950625419617	0.1489393562078476	-0.7160904407501221	0.03905883803963661	0.711399495601654	-0.5587688684463501	0.07154380530118942	-0.26062941551208496	-0.5238075256347656	-0.16502314805984497	0.3538229763507843	-0.03745562955737114	-0.33691757917404175	0.3524383008480072	-0.35139724612236023	0.1915440857410431	0.18416787683963776	0.10349897295236588
-0.21946904063224792	0.1163274422287941	-0.34665390849113464	-0.5297370553016663	-0.10187646746635437	-0.09706111252307892	-0.06207994371652603	-0.23645250499248505	-0.33687296509742737	-0.42119529843330383	0.2150619924068451	-0.06382305920124054	0.27311086654663086	-0.029106924310326576	0.32882577180862427	-0.2254190742969513	-0.2345900982618332	-0.04186130687594414	0.28081202507019043	-0.124981589615345	-0.6091845631599426	0.42245617508888245	0.5308294892311096	0.7354103326797485	-0.5534521341323853	0.03085845150053501	-0.150715172290802	0.44148918986320496	-0.41194429993629456	-0.18829551339149475
0.016991816461086273	0.032618727535009384	-0.211542546749115	-0.508234977722168	-0.12571299076080322	0.0852164700627327	-0.19468405842781067	-0.400956392288208	-0.544122040271759	-0.14209260046482086	0.21456590294837952	-0.23834013938903809	0.26867589354515076	0.06039660423994064	-0.2720085084438324	-0.09485361725091934	0.3144581913948059	-0.3243165612220764	0.17819204926490784	-0.19373126327991486	-0.5680222511291504	0.1411178559064865	0.44668659567832947	0.4231051206588745	-0.4518143832683563	0.1969396471977234	-0.25378528237342834	0.32211869955062866	-0.12516868114471436	-0.0433221198618412
-0.4304831027984619	0.4051835536956787	0.21773040294647217	0.34509506821632385	-0.23672111332416534	-0.3555528521537781	-0.003903519595041871	0.2273157238960266	-0.5341397523880005	-0.2917986512184143	-0.043192341923713684	0.48729008436203003	0.017128201201558113	0.330778032541275	0.14790090918540955	0.04630614072084427	0.5888457894325256	-0.11625578254461288	0.5772223472595215	-0.24668103456497192	0.4865041971206665	0.10338222980499268	0.15190045535564423	0.14810475707054138	-0.4232267141342163	-0.1438608020544052	0.17790339887142181	-0.2165498435497284	0.6381984353065491	-0.41417792439460754
0.32641446590423584	-0.032544102519750595	-0.07440619170665741	0.5517538189888	0.020470131188631058	0.02843560464680195	-0.10317466408014297	0.25007113814353943	-0.22658056020736694	-0.03188370168209076	0.3941754400730133	0.014255947433412075	0.4327995777130127	-0.5042030811309814	0.20059503614902496	-0.04570304602384567	0.25705215334892273	0.23575711250305176	0.2863577902317047	-0.5516427159309387	0.34568166732788086	0.2729348838329315	-0.3087869882583618	0.39049622416496277	0.7525165677070618	0.12935243546962738	-0.47319135069847107	0.21619731187820435	0.08617232739925385	0.01579993963241577
0.1773563176393509	0.11391697824001312	0.21672217547893524	0.47755682468414307	-0.13375647366046906	0.01111951470375061	-0.18655410408973694	0.059577398002147675	-0.5867417454719543	0.1389656513929367	0.18411357700824738	0.09399673342704773	0.23119059205055237	-0.01602550409734249	-0.4172598123550415	0.1337149739265442	0.7754877209663391	-0.22871330380439758	0.3522341251373291	-0.46751075983047485	0.46918609738349915	-0.11619234830141068	-0.1914149969816208	-0.20519277453422546	0.3798842132091522	0.15990206599235535	-0.2680496275424957	-0.13934218883514404	0.6248238682746887	-0.06510883569717407
-0.2921648323535919	0.27555549144744873	-0.07335380464792252	0.43085789680480957	-0.08604856580495834	-0.34032726287841797	0.08113919198513031	0.40297678112983704	-0.15261729061603546	-0.44005289673805237	0.18511831760406494	0.4239373207092285	0.24023109674453735	-0.19275563955307007	0.662196695804596	-0.1331213414669037	-0.09481742978096008	0.3419722020626068	0.5262098908424377	-0.3502555787563324	0.3652884066104889	0.46251392364501953	0.027679698541760445	0.6467753648757935	0.12651005387306213	-0.1742735654115677	-0.05952601879835129	0.1389794945716858	0.1082099974155426	-0.34489816427230835
-0.06076489016413689	0.19606775045394897	0.07323284447193146	0.4545196294784546	-0.10996586084365845	-0.17000451683998108	-0.0536717027425766	0.2387261986732483	-0.39122945070266724	-0.16469894349575043	0.18461599946022034	0.26676589250564575	0.23571592569351196	-0.10522130876779556	0.1743728071451187	0.00030218809843063354	0.43773335218429565	0.06166810542345047	0.4433884918689728	-0.4105791449546814	0.4186060130596161	0.18957141041755676	-0.08286891877651215	0.2736395597457886	0.25762036442756653	-0.0073921349830925465	-0.16563861072063446	-0.0001849289983510971	0.39756834506988525	-0.20928287506103516
-0.24583810567855835	0.6059319376945496	-0.036798521876335144	-0.27942338585853577	-0.3030758798122406	0.07330961525440216	0.5413320064544678	-0.22391219437122345	-0.10394813865423203	-0.3967643082141876	-0.3007369637489319	-0.273410439491272	-0.16473744809627533	0.4463084638118744	0.1544669270515442	-0.13820961117744446	0.6661441326141357	0.06074729189276695	0.3285001516342163	-0.008871180936694145	-0.034564562141895294	-0.5649554133415222	-0.11115096509456635	0.11642778664827347	-0.7522445917129517	-0.09852562844753265	0.2907352149486542	0.34991034865379333	0.3198181390762329	-0.17250357568264008
0.4992607831954956	0.23556867241859436	-0.32088324427604675	-0.02601640485227108	-0.05108792707324028	0.44116029143333435	0.4671342074871063	-0.20087040960788727	0.2552425265312195	-0.15002509951591492	0.1485169529914856	-0.6633595824241638	0.27286258339881897	-0.3957054018974304	0.20703551173210144	-0.2271421253681183	0.3720763623714447	0.3951452672481537	-0.022543029859662056	-0.36073896288871765	-0.20267222821712494	-0.43317848443984985	-0.525495171546936	0.3628303110599518	0.42374104261398315	0.17430256307125092	-0.37533795833587646	0.6668441295623779	-0.3250623047351837	0.2749392092227936
0.37029334902763367	0.3688111901283264	-0.03785520792007446	-0.1264268457889557	-0.2032959908246994	0.4271024465560913	0.3979213237762451	-0.37950399518013	-0.17913410067558289	0.02059619128704071	-0.08069725334644318	-0.6161477565765381	0.05201760679483414	0.11977474391460419	-0.41169455647468567	-0.050874628126621246	0.8216358423233032	-0.0551692470908165	0.05080724507570267	-0.2579171359539032	-0.05696076527237892	-0.696543276309967	-0.4288632273674011	-0.2358655333518982	-0.12589332461357117	0.20438611507415771	-0.15397436916828156	0.4178796112537384	0.29970523715019226	0.19852523505687714
-0.09116648137569427	0.5046300888061523	-0.3199337422847748	-0.18385709822177887	-0.15656881034374237	0.09051624685525894	0.5987904667854309	-0.031919509172439575	0.32549017667770386	-0.5310223698616028	-0.07966376841068268	-0.3457109332084656	0.06155909225344658	-0.05875047296285629	0.6659529805183411	-0.3089238703250885	0.032766640186309814	0.48837965726852417	0.26152828335762024	-0.12211823463439941	-0.18105527758598328	-0.23863889276981354	-0.2326701134443283	0.6276270151138306	-0.3793478012084961	-0.12932300567626953	0.05988425761461258	0.6201567053794861	-0.30502283573150635	-0.09297426044940948
0.14758557081222534	0.4392269551753998	-0.18265049159526825	-0.1552731692790985	-0.18003396689891815	0.26693055033683777	0.5051659941673279	-0.21242083609104156	0.07818397879600525	-0.2779734432697296	-0.08018053323030472	-0.49273648858070374	0.056789644062519073	0.030757438391447067	0.18088041245937347	-0.18305031955242157	0.5351290702819824	0.23488403856754303	0.15796567499637604	-0.1909310668706894	-0.1194746196269989	-0.5019745826721191	-0.33438459038734436	0.2435549944639206	-0.25703513622283936	0.03860797360539436	-0.04759042710065842	0.5264273881912231	-0.002926340326666832	0.05392426997423172
-0.40013259649276733	-0.20154862105846405	0.6284162402153015	0.12890981137752533	-0.10185957700014114	-0.38900026679039	0.04812100529670715	-0.18159937858581543	-0.546650767326355	0.15648843348026276	0.7252026796340942	0.4905328154563904	-0.2199331372976303	0.2668124735355377	0.09595707803964615	-0.1256123185157776	-0.018609855324029922	-0.35418856143951416	0.12247545272111893	0.3865337371826172	0.41271090507507324	-0.19985392689704895	0.1635228395462036	-0.2214217185974121	-0.6481090784072876	0.14061112701892853	0.5510267019271851	-0.07147272676229477	0.577261745929718	-0.11299411207437515
0.3587866425514221	-0.5828294157981873	0.41610994935035706	0.3719336688518524	0.15821626782417297	-0.01039191521704197	-0.05143594369292259	-0.15816542506217957	-0.24327710270881653	0.40232646465301514	0.8806118965148926	0.018516171723604202	0.21901445090770721	-0.554737389087677	0.14948339760303497	-0.21494817733764648	-0.4066241681575775	-0.013163766823709011	-0.23606190085411072	0.03883514180779457	0.2617022693157196	-0.02629505656659603	-0.2979651689529419	0.03801434114575386	0.5772424340248108	0.39397433400154114	-0.07400116324424744	0.35233044624328613	-0.010395195335149765	0.33012300729751587
0.21263982355594635	-0.47752079367637634	0.6277755498886108	0.28174880146980286	0.004520795773714781	-0.027708495035767555	-0.13585764169692993	-0.3411073684692383	-0.5982100367546082	0.5357581377029419	0.8170869946479797	0.09821873903274536	-0.0052687483839690685	-0.08608604222536087	-0.4598413109779358	-0.03807960823178291	0.32697784900665283	-0.4512530267238617	-0.16566072404384613	0.15153783559799194	0.3939187526702881	-0.39949917793273926	-0.17990700900554657	-0.5244803428649902	0.07934217900037766	0.4200073182582855	0.1637878566980362	0.00818369910120964	0.5622364282608032	0.2561315894126892
-0.25826525688171387	-0.3375416398048401	0.416984498500824	0.22670747339725494	0.05277268588542938	-0.37420007586479187	0.13259434700012207	0.012203953228890896	-0.16982987523078918	-0.013979380950331688	0.8174324631690979	0.4274265170097351	0.004303600173443556	-0.2594049870967865	0.6315409541130066	-0.2972813844680786	-0.6581895351409912	0.10252150148153305	0.04965465888381004	0.2856828570365906	0.28248366713523865	0.19176732003688812	0.03958507627248764	0.37599101662635803	-0.19085417687892914	0.10989832878112793	0.3630906343460083	0.28059089183807373	0.011852649971842766	-0.032464977353811264
-0.02415241301059723	-0.409942090511322	0.530532717704773	0.25443416833877563	0.02866343967616558	-0.20745162665843964	-0.0016615871572867036	-0.16990642249584198	-0.4060926139354706	0.2840695083141327	0.8172597885131836	0.2707194983959198	-0.0004825852520298213	-0.17409345507621765	0.12280954420566559	-0.17063088715076447	-0.22136026620864868	-0.1893807351589203	-0.058685533702373505	0.2196483165025711	0.33939146995544434	-0.11394375562667847	-0.07102064043283463	-0.09328695386648178	-0.05679589882493019	0.27200010418891907	0.2662830352783203	0.14717692136764526	0.3130969703197479	0.11424284428358078
